message_id,chat_partner,chat_message,attachment,timestamp
"2c6a5484-fedf-4ec7-ac63-2ef5525590ce","user","Based on the current implementation, can you build a mach zehnder interferometer?","{\n  ""uc2_components"": [\n    {\n      ""name"": ""Laser_405nm_00"",\n      ""file"": ""ASS - 2018 - CUBLAS520 - V04.iam"",\n      ""grid_pos"": [\n        2,\n        5,\n        0\n      ],\n      ""rotation"": [\n        0,\n        0,\n        0\n      ],\n      ""moduleId"": ""laser-405nm"",\n      ""originalName"": ""Laser 405nm"",\n      ""description"": ""405nm laser diode module"",\n      ""params"": {\n        ""price"": 100\n      }\n    },\n    {\n      ""name"": ""Basic_Cube_02"",\n      ""file"": ""ASS - 2000 - CUB - V04.iam"",\n      ""grid_pos"": [\n        4,\n        5,\n        0\n      ],\n      ""rotation"": [\n        0,\n        0,\n        0\n      ],\n      ""moduleId"": ""cube-1x1"",\n      ""originalName"": ""Basic Cube"",\n      ""description"": ""Basic 1x1 cube module for structural support"",\n      ""params"": {\n        ""price"": 10\n      }\n    },\n    {\n      ""name"": ""Beamsplitter_03"",\n      ""file"": ""ASS - 2011 - CUBSPLCUB - V04.iam"",\n      ""grid_pos"": [\n        5,\n        5,\n        0\n      ],\n      ""rotation"": [\n        0,\n        0,\n        0\n      ],\n      ""moduleId"": ""beamsplitter-1x1"",\n      ""originalName"": ""Beamsplitter"",\n      ""description"": ""50/50 beamsplitter cube"",\n      ""params"": {\n        ""price"": 40\n      }\n    },\n    {\n      ""name"": ""Kinematic_Mirror_Mount_90_04"",\n      ""file"": ""ASS - 2013 - CUBKINMIR45�90� - V04.iam"",\n      ""grid_pos"": [\n        6,\n        5,\n        0\n      ],\n      ""rotation"": [\n        0,\n        0,\n        0\n      ],\n      ""moduleId"": ""kinematicmirror-90-1x1"",\n      ""originalName"": ""Kinematic Mirror Mount 90"",\n      ""description"": ""Right‑angle kinematic mirror mount for beam folding."",\n      ""params"": {\n        ""price"": 70\n      }\n    },\n    {\n      ""name"": ""Kinematic_Mirror_Mount_90_05"",\n      ""file"": ""ASS - 2013 - CUBKINMIR45�90� - V04.iam"",\n      ""grid_pos"": [\n        5,\n        6,\n        0\n      ],\n      ""rotation"": [\n        0,\n        90,\n        0\n      ],\n      ""moduleId"": ""kinematicmirror-90-1x1"",\n      ""originalName"": ""Kinematic Mirror Mount 90"",\n      ""description"": ""Right‑angle kinematic mirror mount for beam folding."",\n      ""params"": {\n        ""price"": 70\n      }\n    },\n    {\n      ""name"": ""Screen_Holder_1x1_06"",\n      ""file"": ""ASS - 2014 - CUBSCRHOL - V04.iam"",\n      ""grid_pos"": [\n        5,\n        3,\n        0\n      ],\n      ""rotation"": [\n        0,\n        90,\n        0\n      ],\n      ""moduleId"": ""screenholder-1x1"",\n      ""originalName"": ""Screen Holder 1x1"",\n      ""description"": ""Holder for projection screens or diffusers."",\n      ""params"": {\n        ""price"": 25\n      }\n    }\n  ],\n  ""annotations"": [\n    {\n      ""type"": ""text"",\n      ""layer"": 0,\n      ""points"": [\n        {\n          ""x"": 320.1557177615572,\n          ""y"": 323.005859375\n        }\n      ],\n      ""text"": ""Wave1"",\n      ""style"": {\n        ""color"": ""#000000"",\n        ""fontSize"": 14,\n        ""fontFamily"": ""Arial""\n      },\n      ""id"": ""5b5fd3f8-cbde-4eb6-8ded-938f9b8afed6""\n    },\n    {\n      ""type"": ""text"",\n      ""layer"": 0,\n      ""points"": [\n        {\n          ""x"": 368.17907542579076,\n          ""y"": 264.005859375\n        }\n      ],\n      ""text"": ""Wave2"",\n      ""style"": {\n        ""color"": ""#000000"",\n        ""fontSize"": 14,\n        ""fontFamily"": ""Arial""\n      },\n      ""id"": ""21b99dd2-8729-4945-bafc-d0de958474a5""\n    },\n    {\n      ""type"": ""text"",\n      ""layer"": 0,\n      ""points"": [\n        {\n          ""x"": 324.15766423357667,\n          ""y"": 175.005859375\n        }\n      ],\n      ""text"": ""Interference"",\n      ""style"": {\n        ""color"": ""#000000"",\n        ""fontSize"": 14,\n        ""fontFamily"": ""Arial""\n      },\n      ""id"": ""4c7a3c90-c335-4497-b432-2e5156e165b7""\n    }\n  ],\n  ""layers"": [\n    {\n      ""id"": ""layer-0"",\n      ""name"": ""Layer 0"",\n      ""index"": 0,\n      ""visible"": true\n    }\n  ],\n  ""name"": ""Untitled Setup"",\n  ""author"": """",\n  ""githubAccount"": """",\n  ""description"": """",\n  ""category"": ""General"",\n  ""uc2_verified"": false,\n  ""version"": ""1.0.0"",\n  ""createdAt"": ""2025-08-23T16:37:19.336Z"",\n  ""collection"": [\n    ""General""\n  ],\n  ""notification"": """",\n  ""metadata"": {\n    ""version"": ""1.0"",\n    ""created"": ""2025-09-23T04:34:23.102Z"",\n    ""software"": ""OpenUC2 OptiKit""\n  }\n}","2025-09-23T04:34:23.101Z"
"2c6a5484-fedf-4ec7-ac63-2ef5525590ce","bot","I've designed an optimized UC2 setup for your request: ""Based on the current implementation, can you build a mach zehnder interferometer?""

Setup: Mach Zehnder Interferometer Setup
Description: A Mach-Zehnder interferometer setup utilizing a 405nm laser, beamsplitters, and mirrors to create interference patterns.

Components (5 total):
• Illumination: 1 component(s)
  - Laser 405nm at grid position [3, 6, 0]
• Beam_Steering: 3 component(s)
  - Beamsplitter at grid position [4, 5, 0]
  - Kinematic Mirror Mount 90 at grid position [4, 5, 0]
  - Kinematic Mirror Mount 90 at grid position [4, 5, 0]
• Sample: 1 component(s)
  - Screen Holder 1x1 at grid position [4, 2, 0]

Notes:
• No objective lens detected in setup
• No camera detected in setup
• Fluorescence setup should include dichroic mirror
• Fluorescence setup should include emission filter
• Position conflict at [4, 5, 0]: kinematicmirror-90-1x1 and beamsplitter-1x1","{""uc2_components"":[{""name"":""Laser_405nm_00"",""moduleId"":""laser-405nm"",""originalName"":""Laser 405nm"",""file"":""ASS - 2018 - CUBLAS520 - V04.iam"",""grid_pos"":[3,6,0],""rotation"":[0.0,0.0,0.0],""params"":{""price"":100}},{""name"":""Beamsplitter_01"",""moduleId"":""beamsplitter-1x1"",""originalName"":""Beamsplitter"",""file"":""ASS - 2011 - CUBSPLCUB - V04.iam"",""grid_pos"":[4,5,0],""rotation"":[0.0,0.0,0.0],""params"":{""price"":40}},{""name"":""Kinematic_Mirror_Mount_90_02"",""moduleId"":""kinematicmirror-90-1x1"",""originalName"":""Kinematic Mirror Mount 90"",""file"":""ASS - 2013 - CUBKINMIR45-90 - V04.iam"",""grid_pos"":[4,5,0],""rotation"":[0.0,0.0,0.0],""params"":{""price"":70}},{""name"":""Kinematic_Mirror_Mount_90_03"",""moduleId"":""kinematicmirror-90-1x1"",""originalName"":""Kinematic Mirror Mount 90"",""file"":""ASS - 2013 - CUBKINMIR45-90 - V04.iam"",""grid_pos"":[4,5,0],""rotation"":[0.0,0.0,0.0],""params"":{""price"":70}},{""name"":""Screen_Holder_1x1_04"",""moduleId"":""screenholder-1x1"",""originalName"":""Screen Holder 1x1"",""file"":""ASS - 2014 - CUBSCRHOL - V04.iam"",""grid_pos"":[4,2,0],""rotation"":[0.0,0.0,0.0],""params"":{""price"":25}}],""annotations"":[{""id"":""wave1"",""type"":""text"",""text"":""Wave 1"",""position"":[4.0,6.0,0.0],""layer_id"":""""},{""id"":""wave2"",""type"":""text"",""text"":""Wave 2"",""position"":[6.0,6.0,0.0],""layer_id"":""""},{""id"":""interference"",""type"":""text"",""text"":""Interference Pattern"",""position"":[5.0,2.0,0.0],""layer_id"":""""}],""layers"":[{""id"":""layer-0"",""name"":""Layer 0"",""index"":0,""visible"":true}],""name"":""Mach Zehnder Interferometer Setup"",""author"":""OptiBot"",""githubAccount"":""optibot"",""description"":""A Mach-Zehnder interferometer setup utilizing a 405nm laser, beamsplitters, and mirrors to create interference patterns."",""category"":""General"",""uc2_verified"":false,""version"":""1.0.0"",""createdAt"":""2025-08-23T16:37:19.336000Z"",""collection"":[""General""],""notification"":"""",""metadata"":{""version"":""1.0"",""created"":""2025-09-23T04:34:23.102000Z"",""software"":""OpenUC2 OptiKit"",""model"":""gpt-4o-mini"",""kb_version"":""c53f4ebe9b2a"",""kb_hits"":[],""warnings"":[""No objective lens detected in setup"",""No camera detected in setup"",""Fluorescence setup should include dichroic mirror"",""Fluorescence setup should include emission filter"",""Position conflict at [4, 5, 0]: kinematicmirror-90-1x1 and beamsplitter-1x1""]}}","2025-09-23T06:35:30.002637Z"
